{
  "mean": [
    0.04571872368774745,
    0.040246082890518294,
    0.02999751480738033
  ],
  "std": [
    0.08982241146344133,
    0.0745100449918933,
    0.06588577216129826
  ],
  "num_images": 61578,
  "total_pixels": 11070246528
}