{"val_loss":0.007312709931284189,"_timestamp":1.772949626733134e+09,"_step":9,"_wandb":{"runtime":6},"_runtime":6,"epoch":10,"train_loss":0.013814065605401993}