{"train_loss":0.008057929354664877,"val_loss":0.010821887773206654,"_wandb":{"runtime":19730},"_runtime":19730,"_timestamp":1.772970968802986e+09,"_step":11,"epoch":12}