{"_step":13,"epoch":14,"train_loss":0.007510304311258244,"_wandb":{"runtime":32869},"_runtime":32869,"val_loss":0.008681276142409664,"_timestamp":1.775998364030821e+09}